{
  "UserFieldsMD": [
    {
      "Name": "GCV_flag_replicate",
      "Type": "db_Date",
      "Size": 8,
      "Description": "Data de replica",
      "SubType": "st_None",
      "LinkedTable": null,
      "DefaultValue": null,
      "TableName": "OITM",
      "EditSize": 8,
      "Mandatory": "tNO",
      "LinkedUDO": null,
      "LinkedSystemObject": null,
      "ValidValuesMD": []
    },
    {
      "Name": "GCV_flag_replicate",
      "Type": "db_Date",
      "Size": 8,
      "Description": "Data de replica",
      "SubType": "st_None",
      "LinkedTable": null,
      "DefaultValue": null,
      "TableName": "OCTG",
      "EditSize": 8,
      "Mandatory": "tNO",
      "LinkedUDO": null,
      "LinkedSystemObject": null,
      "ValidValuesMD": []
    },
    {
      "Name": "GCV_flag_replicate",
      "Type": "db_Date",
      "Size": 8,
      "Description": "Data de replica",
      "SubType": "st_None",
      "LinkedTable": null,
      "DefaultValue": null,
      "TableName": "OACT",
      "EditSize": 8,
      "Mandatory": "tNO",
      "LinkedUDO": null,
      "LinkedSystemObject": null,
      "ValidValuesMD": []
    },
    {
      "Name": "GCV_flag_replicate",
      "Type": "db_Date",
      "Size": 8,
      "Description": "Data de replica",
      "SubType": "st_None",
      "LinkedTable": null,
      "DefaultValue": null,
      "TableName": "OCRD",
      "EditSize": 8,
      "Mandatory": "tNO",
      "LinkedUDO": null,
      "LinkedSystemObject": null,
      "ValidValuesMD": []
    },
    {
      "Name": "GCV_flag_replicate",
      "Type": "db_Date",
      "Size": 8,
      "Description": "Data de replica",
      "SubType": "st_None",
      "LinkedTable": null,
      "DefaultValue": null,
      "TableName": "@GCV_BRANDS",
      "EditSize": 8,
      "Mandatory": "tNO",
      "LinkedUDO": null,
      "LinkedSystemObject": null,
      "ValidValuesMD": []
    },
    {
      "Name": "GCV_flag_replicate",
      "Type": "db_Date",
      "Size": 8,
      "Description": "Data de replica",
      "SubType": "st_None",
      "LinkedTable": null,
      "DefaultValue": null,
      "TableName": "@GCV_CATEGORIES",
      "EditSize": 8,
      "Mandatory": "tNO",
      "LinkedUDO": null,
      "LinkedSystemObject": null,
      "ValidValuesMD": []
    },
    {
      "Name": "GCV_flag_replicate",
      "Type": "db_Date",
      "Size": 8,
      "Description": "Data de replica",
      "SubType": "st_None",
      "LinkedTable": null,
      "DefaultValue": null,
      "TableName": "@GCV_COLLECTIONS",
      "EditSize": 8,
      "Mandatory": "tNO",
      "LinkedUDO": null,
      "LinkedSystemObject": null,
      "ValidValuesMD": []
    },
    {
      "Name": "GCV_flag_replicate",
      "Type": "db_Date",
      "Size": 8,
      "Description": "Data de replica",
      "SubType": "st_None",
      "LinkedTable": null,
      "DefaultValue": null,
      "TableName": "@GCV_GRIDS",
      "EditSize": 8,
      "Mandatory": "tNO",
      "LinkedUDO": null,
      "LinkedSystemObject": null,
      "ValidValuesMD": []
    },
    {
      "Name": "GCV_flag_replicate",
      "Type": "db_Date",
      "Size": 8,
      "Description": "Data de replica",
      "SubType": "st_None",
      "LinkedTable": null,
      "DefaultValue": null,
      "TableName": "@GCV_SPECIF",
      "EditSize": 8,
      "Mandatory": "tNO",
      "LinkedUDO": null,
      "LinkedSystemObject": null,
      "ValidValuesMD": []
    },
    {
      "Name": "GCV_flag_replicate",
      "Type": "db_Date",
      "Size": 8,
      "Description": "Data de replica",
      "SubType": "st_None",
      "LinkedTable": null,
      "DefaultValue": null,
      "TableName": "@GCV_PRODUCTS",
      "EditSize": 8,
      "Mandatory": "tNO",
      "LinkedUDO": null,
      "LinkedSystemObject": null,
      "ValidValuesMD": []
    },
    {
      "Name": "GCV_flag_replicate",
      "Type": "db_Date",
      "Size": 8,
      "Description": "Data de replica",
      "SubType": "st_None",
      "LinkedTable": null,
      "DefaultValue": null,
      "TableName": "@GCV_COLORS",
      "EditSize": 8,
      "Mandatory": "tNO",
      "LinkedUDO": null,
      "LinkedSystemObject": null,
      "ValidValuesMD": []
    },
    {
      "Name": "GCV_integrate_nf_complementar",
      "Type": "db_Date",
      "Size": 8,
      "Description": "Data de Integração",
      "SubType": "st_None",
      "LinkedTable": null,
      "DefaultValue": null,
      "TableName": "OPCH",
      "EditSize": 8,
      "Mandatory": "tNO",
      "LinkedUDO": null,
      "LinkedSystemObject": null,
      "ValidValuesMD": []
    },
    {
      "Name": "GCV_global_percent",
      "Type": "db_Float",
      "Size": 11,
      "Description": "Percentual global do doc.",
      "SubType": "st_Percentage",
      "LinkedTable": null,
      "DefaultValue": null,
      "TableName": "OPCH",
      "EditSize": 11,
      "Mandatory": "tNO",
      "LinkedUDO": null,
      "LinkedSystemObject": null,
      "ValidValuesMD": []
    },
    {
      "Name": "GCV_total_unit_price",
      "Type": "db_Float",
      "Size": 11,
      "Description": "Valor total de preço unitário",
      "SubType": "st_Price",
      "LinkedTable": null,
      "DefaultValue": null,
      "TableName": "PCH1",
      "EditSize": 11,
      "Mandatory": "tNO",
      "LinkedUDO": null,
      "LinkedSystemObject": null,
      "ValidValuesMD": []
    },
    {
      "Name": "GCV_quantity_checked",
      "Type": "db_Float",
      "Size": 11,
      "Description": "Quantidade Conferida",
      "SubType": "st_Quantity",
      "LinkedTable": null,
      "DefaultValue": null,
      "TableName": "PCH1",
      "EditSize": 11,
      "Mandatory": "tNO",
      "LinkedUDO": null,
      "LinkedSystemObject": null
    },
    {
      "Name": "GCV_divergent_quantity",
      "Type": "db_Float",
      "Size": 11,
      "Description": "Quantidade Divergente",
      "SubType": "st_Quantity",
      "LinkedTable": null,
      "DefaultValue": null,
      "TableName": "PCH1",
      "EditSize": 11,
      "Mandatory": "tNO",
      "LinkedUDO": null,
      "LinkedSystemObject": null
    },
    {
      "Name": "GCV_checked_comments",
      "Type": "db_Alpha",
      "Size": 254,
      "Description": "Obs. Divergencia",
      "SubType": "st_None",
      "LinkedTable": null,
      "DefaultValue": null,
      "TableName": "PCH1",
      "EditSize": 254,
      "Mandatory": "tNO",
      "LinkedUDO": null,
      "LinkedSystemObject": null
    },
    {
      "Name": "GCV_cashAccount",
      "Type": "db_Alpha",
      "Size": 210,
      "Description": "Conta de dinheiro",
      "SubType": "st_None",
      "LinkedTable": null,
      "DefaultValue": null,
      "TableName": "OBPL",
      "EditSize": 50,
      "Mandatory": "tNO",
      "LinkedUDO": null,
      "LinkedSystemObject": "ulChartOfAccounts"
    },
    {
      "Name": "GCV_transfAccount",
      "Type": "db_Alpha",
      "Size": 210,
      "Description": "Conta de transferência",
      "SubType": "st_None",
      "LinkedTable": null,
      "DefaultValue": null,
      "TableName": "OBPL",
      "EditSize": 50,
      "Mandatory": "tNO",
      "LinkedUDO": null,
      "LinkedSystemObject": "ulChartOfAccounts"
    },
    {
      "Name": "GCV_usage",
      "Type": "db_Numeric",
      "Size": 11,
      "Description": "Utilização",
      "SubType": "st_None",
      "LinkedTable": null,
      "DefaultValue": null,
      "TableName": "OBPL",
      "EditSize": 11,
      "Mandatory": "tNO",
      "LinkedUDO": null,
      "LinkedSystemObject": null
    },
    {
      "Name": "GCV_storeUser",
      "Type": "db_Alpha",
      "Size": 1,
      "Description": "Usuario de loja?",
      "SubType": "st_None",
      "LinkedTable": null,
      "DefaultValue": "N",
      "TableName": "OUSR",
      "EditSize": 1,
      "Mandatory": "tNO",
      "LinkedUDO": null,
      "LinkedSystemObject": null,
      "ValidValuesMD": [
        {
          "Value": "Y",
          "Description": "Sim"
        },
        {
          "Value": "N",
          "Description": "Não"
        }
      ]
    }
  ]
}
